{
    "acc": 0.27476923076923077,
    "balanced_acc": 0.19218594029184857,
    "f1_macro": 0.165818631279066,
    "f1_weighted": 0.2910644996889967,
    "precision_macro": 0.20731951535393126,
    "precision_weighted": 0.3430274437095041,
    "recall_macro": 0.19218594029184857,
    "recall_weighted": 0.27476923076923077,
    "report": {
        "anger": {
            "precision": 0.006830601092896175,
            "recall": 0.09259259259259259,
            "f1-score": 0.01272264631043257,
            "support": 54.0
        },
        "boredom": {
            "precision": 0.02205258693808312,
            "recall": 0.26804123711340205,
            "f1-score": 0.04075235109717868,
            "support": 97.0
        },
        "enthusiasm": {
            "precision": 0.04281767955801105,
            "recall": 0.18023255813953487,
            "f1-score": 0.06919642857142858,
            "support": 172.0
        },
        "fun": {
            "precision": 0.0794044665012407,
            "recall": 0.21843003412969283,
            "f1-score": 0.1164695177434031,
            "support": 293.0
        },
        "happiness": {
            "precision": 0.19461077844311378,
            "recall": 0.10483870967741936,
            "f1-score": 0.13626834381551362,
            "support": 620.0
        },
        "hate": {
            "precision": 0.25547445255474455,
            "recall": 0.25289017341040465,
            "f1-score": 0.2541757443718228,
            "support": 692.0
        },
        "love": {
            "precision": 0.26022304832713755,
            "recall": 0.136986301369863,
            "f1-score": 0.1794871794871795,
            "support": 511.0
        },
        "neutral": {
            "precision": 0.3835068054443555,
            "recall": 0.19447827852212748,
            "f1-score": 0.25808189655172414,
            "support": 2463.0
        },
        "relief": {
            "precision": 0.13793103448275862,
            "recall": 0.05333333333333334,
            "f1-score": 0.07692307692307693,
            "support": 300.0
        },
        "sadness": {
            "precision": 0.3460988853958274,
            "recall": 0.4143003763256928,
            "f1-score": 0.37714107754593584,
            "support": 2923.0
        },
        "surprise": {
            "precision": 0.33613445378151263,
            "recall": 0.055248618784530384,
            "f1-score": 0.09489916963226572,
            "support": 724.0
        },
        "worry": {
            "precision": 0.42274939172749393,
            "recall": 0.3348590701035895,
            "f1-score": 0.3737061432988305,
            "support": 4151.0
        },
        "accuracy": 0.27476923076923077,
        "macro avg": {
            "precision": 0.20731951535393126,
            "recall": 0.19218594029184857,
            "f1-score": 0.165818631279066,
            "support": 13000.0
        },
        "weighted avg": {
            "precision": 0.3430274437095041,
            "recall": 0.27476923076923077,
            "f1-score": 0.2910644996889967,
            "support": 13000.0
        }
    }
}