{
    "acc": 0.20616240778086947,
    "balanced_acc": 0.231118559019167,
    "f1_macro": 0.1685298188369164,
    "f1_weighted": 0.20912673631979206,
    "precision_macro": 0.23553775982257383,
    "precision_weighted": 0.3397640861801814,
    "recall_macro": 0.231118559019167,
    "recall_weighted": 0.20616240778086947,
    "report": {
        "anger": {
            "precision": 0.010965688008489564,
            "recall": 0.2818181818181818,
            "f1-score": 0.021109976166155942,
            "support": 110.0
        },
        "boredom": {
            "precision": 0.05867014341590613,
            "recall": 0.25139664804469275,
            "f1-score": 0.09513742071881606,
            "support": 179.0
        },
        "enthusiasm": {
            "precision": 0.03564923237054385,
            "recall": 0.36100131752305664,
            "f1-score": 0.06489046773238603,
            "support": 759.0
        },
        "fun": {
            "precision": 0.11774415405777167,
            "recall": 0.240990990990991,
            "f1-score": 0.15819626686379598,
            "support": 1776.0
        },
        "happiness": {
            "precision": 0.3054619015509103,
            "recall": 0.08696486849683241,
            "f1-score": 0.13538553496712494,
            "support": 5209.0
        },
        "hate": {
            "precision": 0.39901477832512317,
            "recall": 0.12244897959183673,
            "f1-score": 0.18739155581260844,
            "support": 1323.0
        },
        "love": {
            "precision": 0.4929701230228471,
            "recall": 0.14601769911504425,
            "f1-score": 0.2253012048192771,
            "support": 3842.0
        },
        "neutral": {
            "precision": 0.41639871382636656,
            "recall": 0.029983792544570502,
            "f1-score": 0.05593952483801296,
            "support": 8638.0
        },
        "relief": {
            "precision": 0.13963116296575084,
            "recall": 0.24311926605504589,
            "f1-score": 0.177384652163519,
            "support": 1526.0
        },
        "sadness": {
            "precision": 0.3320777459695646,
            "recall": 0.42671829622458857,
            "f1-score": 0.3734960176241315,
            "support": 5165.0
        },
        "surprise": {
            "precision": 0.13665633198187455,
            "recall": 0.262002743484225,
            "f1-score": 0.17962382445141065,
            "support": 2187.0
        },
        "worry": {
            "precision": 0.38121314237573717,
            "recall": 0.3209599243409386,
            "f1-score": 0.3485013798857583,
            "support": 8459.0
        },
        "accuracy": 0.20616240778086947,
        "macro avg": {
            "precision": 0.23553775982257383,
            "recall": 0.231118559019167,
            "f1-score": 0.1685298188369164,
            "support": 39173.0
        },
        "weighted avg": {
            "precision": 0.3397640861801814,
            "recall": 0.20616240778086947,
            "f1-score": 0.20912673631979206,
            "support": 39173.0
        }
    }
}